alert_id,transaction_id,alert_type,alert_date,status
1,36,Multiple Withdrawals,2021-03-06 12:48:15,Open
2,45,Multiple Withdrawals,2024-11-17 14:33:28,Open
3,46,Multiple Withdrawals,2023-07-20 21:54:14,Open
4,83,Multiple Withdrawals,2025-01-16 18:10:01,Open
5,86,High Amount,2023-09-09 10:42:29,Open
6,108,High Amount,2021-01-15 11:08:40,Open
7,132,Multiple Withdrawals,2022-12-02 09:48:19,Open
8,162,Suspicious Location,2023-08-28 20:20:35,Open
9,165,High Amount,2021-09-30 20:52:06,Open
10,179,High Amount,2024-12-05 11:08:20,Open
11,200,Multiple Withdrawals,2021-08-20 08:04:29,Open
12,209,Suspicious Location,2021-10-07 06:51:38,Open
13,213,Suspicious Location,2020-10-30 05:35:39,Open
14,223,Multiple Withdrawals,2021-12-08 16:05:53,Open
15,269,Suspicious Location,2023-05-08 07:52:09,Open
16,310,Suspicious Location,2022-08-22 01:04:09,Open
17,364,High Amount,2022-03-16 22:26:42,Open
18,427,High Amount,2021-12-24 08:05:01,Open
19,439,High Amount,2020-10-05 00:08:03,Open
20,475,Multiple Withdrawals,2025-06-04 03:22:40,Open
21,488,Multiple Withdrawals,2024-10-21 03:08:38,Open
22,547,High Amount,2024-05-14 05:41:12,Open
23,551,High Amount,2023-04-23 15:27:39,Open
24,563,Suspicious Location,2024-09-26 10:48:11,Open
25,595,High Amount,2020-11-01 11:21:34,Open
26,665,Suspicious Location,2020-09-04 19:44:14,Open
27,669,Multiple Withdrawals,2022-10-14 06:40:46,Open
28,701,Multiple Withdrawals,2024-07-16 15:09:49,Open
29,746,Multiple Withdrawals,2022-07-26 02:49:51,Open
30,788,Multiple Withdrawals,2022-08-18 08:05:56,Open
31,798,High Amount,2025-04-15 16:18:25,Open
32,829,Multiple Withdrawals,2023-02-24 00:17:15,Open
33,870,Multiple Withdrawals,2022-02-02 19:58:45,Open
34,891,Multiple Withdrawals,2021-03-18 15:53:07,Open
35,904,High Amount,2023-01-24 03:15:08,Open
36,1008,High Amount,2024-06-30 21:01:51,Open
37,1020,Suspicious Location,2022-12-09 21:20:07,Open
38,1095,High Amount,2022-10-19 10:29:07,Open
39,1124,Suspicious Location,2023-10-08 03:11:10,Open
40,1139,Suspicious Location,2025-07-19 08:54:45,Open
41,1161,Suspicious Location,2022-07-04 17:59:33,Open
42,1167,High Amount,2022-09-29 03:20:14,Open
43,1174,Suspicious Location,2024-02-05 05:10:53,Open
44,1179,Multiple Withdrawals,2024-09-30 14:59:56,Open
45,1191,High Amount,2021-04-28 18:33:24,Open
46,1219,Suspicious Location,2023-02-13 10:02:35,Open
47,1258,High Amount,2023-01-06 03:03:42,Open
48,1297,Suspicious Location,2022-08-07 04:40:57,Open
49,1361,Suspicious Location,2021-09-19 18:21:28,Open
50,1368,Suspicious Location,2021-10-27 07:07:28,Open
51,1373,Multiple Withdrawals,2021-12-27 15:23:23,Open
52,1487,Suspicious Location,2022-01-22 21:25:25,Open
53,1513,High Amount,2025-03-12 20:24:57,Open
54,1518,Multiple Withdrawals,2024-06-17 12:05:32,Open
55,1523,Multiple Withdrawals,2025-04-22 05:27:50,Open
56,1531,Suspicious Location,2025-06-03 11:27:32,Open
57,1543,Suspicious Location,2023-04-23 21:26:50,Open
58,1598,Multiple Withdrawals,2023-06-11 14:51:49,Open
59,1606,Suspicious Location,2022-09-21 14:21:26,Open
60,1610,Suspicious Location,2021-10-27 01:53:06,Open
61,1612,High Amount,2020-10-28 08:30:37,Open
62,1651,Multiple Withdrawals,2021-07-01 21:29:53,Open
63,1656,High Amount,2021-07-18 15:55:18,Open
64,1675,High Amount,2021-05-22 17:06:09,Open
65,1696,Multiple Withdrawals,2020-09-15 03:15:59,Open
66,1747,Suspicious Location,2024-12-09 09:20:44,Open
67,1752,Suspicious Location,2021-11-16 02:30:06,Open
68,1769,Suspicious Location,2025-05-06 11:10:46,Open
69,1831,Multiple Withdrawals,2024-08-15 01:07:45,Open
70,1872,Multiple Withdrawals,2024-11-04 03:18:38,Open
71,1887,Suspicious Location,2021-11-18 02:22:15,Open
72,1895,Multiple Withdrawals,2021-07-13 23:23:52,Open
73,1967,Suspicious Location,2021-08-06 15:54:28,Open
74,1994,Suspicious Location,2024-07-25 01:51:54,Open
75,1996,Suspicious Location,2022-02-20 17:49:55,Open
76,2020,Suspicious Location,2022-08-04 05:42:59,Open
77,2028,High Amount,2025-01-19 01:39:09,Open
78,2105,Suspicious Location,2022-03-02 05:03:00,Open
79,2124,Multiple Withdrawals,2024-05-23 08:45:02,Open
80,2166,Multiple Withdrawals,2023-06-29 11:03:17,Open
81,2168,Suspicious Location,2024-07-19 19:34:50,Open
82,2181,Multiple Withdrawals,2024-08-05 19:13:36,Open
83,2183,Suspicious Location,2022-10-22 10:10:18,Open
84,2186,Suspicious Location,2023-05-21 08:14:44,Open
85,2204,Suspicious Location,2021-09-30 00:47:16,Open
86,2248,Suspicious Location,2025-07-06 11:42:40,Open
87,2312,Multiple Withdrawals,2021-09-04 18:43:44,Open
88,2313,Multiple Withdrawals,2024-03-23 05:02:27,Open
89,2318,Suspicious Location,2020-12-30 23:11:12,Open
90,2352,Suspicious Location,2021-02-16 22:05:18,Open
91,2373,Multiple Withdrawals,2021-10-03 16:58:26,Open
92,2375,High Amount,2020-10-18 09:23:04,Open
93,2407,High Amount,2021-02-07 15:34:49,Open
94,2409,Multiple Withdrawals,2025-01-09 19:21:41,Open
95,2418,Multiple Withdrawals,2021-09-19 03:44:27,Open
96,2437,Suspicious Location,2021-08-18 12:45:55,Open
97,2478,High Amount,2022-06-15 08:21:38,Open
98,2486,Suspicious Location,2021-09-09 11:01:11,Open
99,2492,Multiple Withdrawals,2021-08-20 07:24:04,Open
100,2503,High Amount,2020-11-12 15:44:50,Open
101,2525,Suspicious Location,2025-06-19 16:25:25,Open
102,2530,Suspicious Location,2020-10-27 14:23:05,Open
103,2552,High Amount,2023-06-29 03:03:35,Open
104,2556,High Amount,2021-07-14 17:28:37,Open
105,2574,Suspicious Location,2023-05-26 03:01:33,Open
106,2602,Multiple Withdrawals,2024-01-26 12:05:43,Open
107,2612,Suspicious Location,2022-10-20 05:10:27,Open
108,2616,Suspicious Location,2022-02-14 06:36:18,Open
109,2654,High Amount,2023-01-03 00:25:46,Open
110,2663,High Amount,2022-01-05 14:05:53,Open
111,2674,High Amount,2023-11-15 04:24:50,Open
112,2695,Suspicious Location,2022-05-11 04:48:53,Open
113,2734,Suspicious Location,2024-10-21 02:10:58,Open
114,2749,Multiple Withdrawals,2022-01-04 13:36:03,Open
115,2754,High Amount,2025-02-18 11:54:08,Open
116,2767,Multiple Withdrawals,2021-01-14 14:37:44,Open
117,2768,High Amount,2022-01-24 09:11:20,Open
118,2786,High Amount,2021-05-25 18:34:52,Open
119,2795,Suspicious Location,2023-09-23 18:45:24,Open
120,2818,High Amount,2023-08-24 16:24:37,Open
121,2820,High Amount,2024-01-10 21:59:57,Open
122,2831,High Amount,2022-04-24 14:34:27,Open
123,2875,Multiple Withdrawals,2021-10-22 01:37:38,Open
124,2895,High Amount,2022-05-31 11:11:34,Open
125,2897,Multiple Withdrawals,2023-01-31 02:26:44,Open
126,2901,Multiple Withdrawals,2024-09-11 13:03:56,Open
127,2936,Multiple Withdrawals,2024-09-08 22:33:25,Open
128,2951,Suspicious Location,2023-06-04 09:03:05,Open
129,2958,High Amount,2024-12-16 05:34:02,Open
130,2963,Suspicious Location,2025-02-14 17:00:46,Open
131,2968,High Amount,2025-01-30 00:36:52,Open
132,3026,Multiple Withdrawals,2024-11-11 07:41:27,Open
133,3030,High Amount,2025-05-15 16:55:20,Open
134,3047,Multiple Withdrawals,2025-02-22 23:11:47,Open
135,3058,Suspicious Location,2023-05-21 23:29:14,Open
136,3061,High Amount,2023-02-19 17:54:02,Open
137,3077,Suspicious Location,2022-02-12 01:35:08,Open
138,3108,Suspicious Location,2023-12-14 19:23:35,Open
139,3126,High Amount,2022-06-12 20:19:22,Open
140,3135,Suspicious Location,2025-02-18 14:23:09,Open
141,3148,High Amount,2022-02-12 20:37:59,Open
142,3149,Suspicious Location,2021-03-30 06:42:49,Open
143,3160,Suspicious Location,2025-08-17 22:17:49,Open
144,3165,Multiple Withdrawals,2021-03-16 08:16:52,Open
145,3189,Multiple Withdrawals,2022-08-27 18:32:48,Open
146,3195,Suspicious Location,2025-06-27 12:46:32,Open
147,3226,Multiple Withdrawals,2025-03-14 02:48:36,Open
148,3228,Suspicious Location,2024-06-08 09:36:12,Open
149,3296,Multiple Withdrawals,2022-01-26 02:18:11,Open
150,3302,Suspicious Location,2023-12-05 17:46:12,Open
151,3331,High Amount,2024-03-31 16:45:57,Open
152,3357,Multiple Withdrawals,2023-10-01 09:20:31,Open
153,3358,Multiple Withdrawals,2025-06-01 13:54:21,Open
154,3381,High Amount,2022-05-11 10:12:56,Open
155,3409,High Amount,2020-11-17 05:25:43,Open
156,3452,High Amount,2024-11-16 16:08:57,Open
157,3460,Multiple Withdrawals,2021-02-07 23:25:11,Open
158,3461,High Amount,2021-05-01 06:17:29,Open
159,3524,Multiple Withdrawals,2024-06-26 09:55:31,Open
160,3542,High Amount,2024-05-28 04:29:18,Open
161,3546,Multiple Withdrawals,2024-11-30 02:06:10,Open
162,3567,High Amount,2021-10-15 06:30:21,Open
163,3594,High Amount,2025-04-01 08:27:34,Open
164,3615,High Amount,2021-02-07 08:08:21,Open
165,3627,Multiple Withdrawals,2023-05-26 23:01:57,Open
166,3628,Suspicious Location,2020-10-18 23:54:49,Open
167,3632,Multiple Withdrawals,2023-11-30 06:45:16,Open
168,3653,Suspicious Location,2023-09-06 17:19:20,Open
169,3655,High Amount,2025-01-25 16:33:38,Open
170,3672,High Amount,2025-05-30 09:33:44,Open
171,3677,Suspicious Location,2022-08-22 17:32:13,Open
172,3764,Suspicious Location,2023-01-24 06:56:54,Open
173,3765,Suspicious Location,2020-10-22 22:02:18,Open
174,3771,Multiple Withdrawals,2023-11-03 22:35:10,Open
175,3815,Multiple Withdrawals,2025-04-02 22:29:40,Open
176,3859,Multiple Withdrawals,2025-04-02 17:56:31,Open
177,3863,Suspicious Location,2021-09-10 04:39:33,Open
178,3873,High Amount,2022-08-30 14:16:41,Open
179,3915,Suspicious Location,2022-03-17 12:08:52,Open
180,3923,High Amount,2021-07-24 11:23:19,Open
181,3939,Multiple Withdrawals,2022-04-15 19:11:08,Open
182,3957,Multiple Withdrawals,2024-03-20 12:07:38,Open
183,3970,High Amount,2022-03-22 12:07:21,Open
184,3973,Multiple Withdrawals,2023-02-19 19:46:59,Open
185,3977,Multiple Withdrawals,2023-01-23 16:36:13,Open
186,3978,High Amount,2023-10-02 21:59:33,Open
187,3982,Multiple Withdrawals,2024-04-30 11:27:31,Open
188,3985,High Amount,2025-03-14 12:34:29,Open
189,3990,Multiple Withdrawals,2023-10-21 11:43:59,Open
190,3998,Suspicious Location,2024-04-02 10:17:07,Open
191,4002,High Amount,2024-12-03 12:44:37,Open
192,4014,Suspicious Location,2020-12-08 02:38:24,Open
193,4026,High Amount,2023-11-22 17:45:18,Open
194,4029,Suspicious Location,2021-05-16 07:20:21,Open
195,4036,Suspicious Location,2024-06-08 15:35:40,Open
196,4081,Suspicious Location,2024-07-11 13:17:58,Open
197,4116,Multiple Withdrawals,2025-07-03 06:31:05,Open
198,4119,High Amount,2023-02-24 04:19:17,Open
199,4122,Multiple Withdrawals,2023-04-27 05:40:42,Open
200,4207,Suspicious Location,2024-08-20 05:12:00,Open
201,4209,Multiple Withdrawals,2024-08-19 12:25:39,Open
202,4234,Multiple Withdrawals,2025-05-28 12:57:58,Open
203,4241,Suspicious Location,2024-01-18 16:54:16,Open
204,4243,Suspicious Location,2023-02-25 08:29:57,Open
205,4262,Multiple Withdrawals,2024-05-30 07:43:44,Open
206,4269,Suspicious Location,2021-03-14 22:45:49,Open
207,4278,High Amount,2023-06-05 22:53:28,Open
208,4279,Multiple Withdrawals,2023-11-02 16:24:41,Open
209,4282,Suspicious Location,2023-12-13 01:02:40,Open
210,4295,Multiple Withdrawals,2024-09-10 10:56:37,Open
211,4321,High Amount,2023-07-29 23:26:03,Open
212,4324,Multiple Withdrawals,2023-07-27 02:54:43,Open
213,4342,Multiple Withdrawals,2020-09-11 05:25:15,Open
214,4371,Suspicious Location,2022-02-22 07:11:45,Open
215,4394,Suspicious Location,2024-06-02 08:07:41,Open
216,4399,Multiple Withdrawals,2023-02-25 23:29:33,Open
217,4414,High Amount,2024-03-22 21:03:01,Open
218,4423,High Amount,2024-04-28 10:46:05,Open
219,4431,High Amount,2023-11-08 11:33:58,Open
220,4441,Suspicious Location,2021-02-14 22:51:58,Open
221,4475,Multiple Withdrawals,2022-04-30 20:47:00,Open
222,4508,Multiple Withdrawals,2024-02-24 12:30:02,Open
223,4541,Multiple Withdrawals,2023-03-31 14:28:47,Open
224,4554,High Amount,2023-12-28 17:26:25,Open
225,4555,High Amount,2023-12-10 17:34:25,Open
226,4562,Multiple Withdrawals,2021-07-11 21:39:01,Open
227,4568,High Amount,2022-06-01 19:26:06,Open
228,4573,High Amount,2025-04-17 01:12:42,Open
229,4613,Multiple Withdrawals,2025-08-17 01:35:35,Open
230,4626,High Amount,2023-03-19 23:39:41,Open
231,4633,Multiple Withdrawals,2021-03-20 17:23:43,Open
232,4640,Suspicious Location,2025-01-08 15:51:50,Open
233,4650,High Amount,2025-04-09 06:32:00,Open
234,4697,Suspicious Location,2025-05-26 07:43:47,Open
235,4712,High Amount,2022-11-26 07:21:46,Open
236,4746,Suspicious Location,2020-11-07 10:11:42,Open
237,4758,Multiple Withdrawals,2023-08-16 01:06:06,Open
238,4762,High Amount,2020-12-16 00:55:24,Open
239,4774,Suspicious Location,2024-03-30 09:21:31,Open
240,4804,Suspicious Location,2022-03-09 13:23:44,Open
241,4809,Multiple Withdrawals,2020-10-09 07:13:49,Open
242,4840,Multiple Withdrawals,2024-06-17 05:09:14,Open
243,4857,Suspicious Location,2020-10-04 00:00:12,Open
244,4879,Multiple Withdrawals,2025-08-18 14:59:44,Open
245,4910,High Amount,2023-04-14 16:44:17,Open
246,5036,Suspicious Location,2022-02-20 20:35:36,Open
247,5037,High Amount,2021-01-13 07:15:29,Open
248,5056,Suspicious Location,2024-12-13 02:02:12,Open
249,5089,High Amount,2021-05-14 00:10:28,Open
250,5099,Suspicious Location,2023-07-17 18:23:01,Open
251,5107,High Amount,2021-03-23 11:04:24,Open
252,5113,Suspicious Location,2025-06-30 15:07:57,Open
253,5136,High Amount,2023-06-20 10:09:26,Open
254,5155,Multiple Withdrawals,2021-07-10 13:16:53,Open
255,5163,Suspicious Location,2021-08-10 15:04:39,Open
256,5166,High Amount,2023-06-08 14:59:45,Open
257,5194,High Amount,2025-08-20 23:47:33,Open
258,5233,High Amount,2023-05-23 00:04:11,Open
259,5251,Multiple Withdrawals,2023-06-22 17:29:54,Open
260,5273,Multiple Withdrawals,2021-08-01 10:01:42,Open
261,5275,Suspicious Location,2023-01-06 07:50:51,Open
262,5317,Multiple Withdrawals,2024-11-13 05:13:16,Open
263,5401,Multiple Withdrawals,2020-10-25 09:22:48,Open
264,5434,Suspicious Location,2024-09-04 03:39:03,Open
265,5455,High Amount,2024-07-15 15:15:25,Open
266,5507,Multiple Withdrawals,2022-06-10 11:24:28,Open
267,5511,Multiple Withdrawals,2021-07-15 03:38:27,Open
268,5535,Suspicious Location,2021-11-30 01:03:52,Open
269,5538,High Amount,2022-01-22 09:23:05,Open
270,5572,High Amount,2023-10-09 10:26:06,Open
271,5587,High Amount,2023-03-09 13:41:40,Open
272,5627,High Amount,2022-05-13 05:35:51,Open
273,5735,Suspicious Location,2021-10-28 20:46:48,Open
274,5792,Multiple Withdrawals,2022-05-12 11:05:41,Open
275,5841,High Amount,2023-03-22 04:11:43,Open
276,5842,Suspicious Location,2023-03-07 22:25:15,Open
277,5878,Multiple Withdrawals,2022-02-11 07:55:26,Open
278,5908,High Amount,2024-03-22 12:17:42,Open
279,5991,Multiple Withdrawals,2021-08-28 06:09:56,Open
280,6042,High Amount,2021-01-08 04:31:19,Open
281,6072,Suspicious Location,2022-12-17 10:16:46,Open
282,6080,Multiple Withdrawals,2023-08-04 04:17:13,Open
283,6092,Suspicious Location,2021-02-11 19:29:45,Open
284,6165,Multiple Withdrawals,2022-11-08 09:15:06,Open
285,6170,High Amount,2024-02-07 18:35:39,Open
286,6184,Multiple Withdrawals,2023-07-22 11:11:35,Open
287,6197,Suspicious Location,2021-09-09 18:59:43,Open
288,6198,High Amount,2024-03-18 10:06:23,Open
289,6202,High Amount,2025-01-02 03:44:38,Open
290,6224,Suspicious Location,2023-05-25 01:42:48,Open
291,6232,High Amount,2022-05-25 09:19:28,Open
292,6235,High Amount,2023-09-01 23:53:16,Open
293,6270,High Amount,2023-03-02 08:48:01,Open
294,6280,High Amount,2022-10-14 04:37:00,Open
295,6387,High Amount,2021-09-26 02:24:11,Open
296,6444,High Amount,2024-12-27 06:58:31,Open
297,6446,Suspicious Location,2022-11-30 04:12:38,Open
298,6450,Suspicious Location,2024-10-13 20:04:23,Open
299,6452,High Amount,2022-05-28 10:03:14,Open
300,6459,High Amount,2025-07-05 19:46:18,Open
301,6481,High Amount,2024-03-07 21:37:57,Open
302,6534,High Amount,2021-12-17 19:54:49,Open
303,6583,High Amount,2024-08-27 23:49:02,Open
304,6591,Multiple Withdrawals,2022-04-25 14:37:47,Open
305,6606,Multiple Withdrawals,2023-09-17 18:22:46,Open
306,6636,Suspicious Location,2021-11-25 10:20:11,Open
307,6644,Suspicious Location,2025-07-17 02:24:14,Open
308,6656,High Amount,2022-08-06 19:44:05,Open
309,6663,Multiple Withdrawals,2024-01-06 06:17:40,Open
310,6696,Multiple Withdrawals,2022-02-08 01:50:49,Open
311,6703,Suspicious Location,2021-10-24 20:46:38,Open
312,6714,Suspicious Location,2025-07-14 04:53:47,Open
313,6739,Suspicious Location,2022-03-20 23:04:49,Open
314,6810,Multiple Withdrawals,2021-08-24 13:40:36,Open
315,6821,High Amount,2025-04-24 01:16:11,Open
316,6827,Multiple Withdrawals,2022-07-19 08:33:00,Open
317,6885,Multiple Withdrawals,2020-11-14 05:12:27,Open
318,6897,Suspicious Location,2023-06-01 05:35:43,Open
319,6922,High Amount,2022-07-31 03:51:52,Open
320,6930,Suspicious Location,2022-05-04 06:44:49,Open
321,6935,Multiple Withdrawals,2021-04-20 05:04:19,Open
322,6951,Suspicious Location,2020-09-15 16:09:41,Open
323,6966,Multiple Withdrawals,2025-06-27 07:21:57,Open
324,6978,High Amount,2020-10-29 13:07:12,Open
325,7011,Multiple Withdrawals,2025-06-23 09:28:51,Open
326,7040,Multiple Withdrawals,2020-12-08 08:52:51,Open
327,7073,Suspicious Location,2022-09-29 04:01:47,Open
328,7087,Suspicious Location,2023-05-02 16:17:37,Open
329,7088,Multiple Withdrawals,2025-03-07 10:05:15,Open
330,7093,Multiple Withdrawals,2022-05-25 12:08:50,Open
331,7113,High Amount,2022-06-07 02:40:02,Open
332,7130,Suspicious Location,2024-05-08 00:43:29,Open
333,7163,Suspicious Location,2022-03-06 16:32:01,Open
334,7176,Multiple Withdrawals,2021-09-17 23:18:09,Open
335,7178,High Amount,2022-08-28 11:57:17,Open
336,7210,Multiple Withdrawals,2022-06-27 12:19:39,Open
337,7214,High Amount,2025-07-17 06:09:09,Open
338,7243,Multiple Withdrawals,2025-03-14 09:02:32,Open
339,7271,Multiple Withdrawals,2023-01-22 12:00:28,Open
340,7278,Suspicious Location,2023-04-15 01:49:41,Open
341,7293,Multiple Withdrawals,2023-04-13 12:55:25,Open
342,7353,Multiple Withdrawals,2024-06-27 18:43:57,Open
343,7386,High Amount,2021-08-17 10:10:08,Open
344,7418,Suspicious Location,2024-10-28 03:58:32,Open
345,7424,High Amount,2021-01-27 11:33:09,Open
346,7452,Multiple Withdrawals,2023-08-28 16:46:59,Open
347,7470,Suspicious Location,2025-07-30 02:56:44,Open
348,7477,Multiple Withdrawals,2021-11-08 15:41:08,Open
349,7514,High Amount,2022-07-15 16:25:57,Open
350,7565,Multiple Withdrawals,2023-01-16 00:50:16,Open
351,7566,Suspicious Location,2022-09-20 21:54:57,Open
352,7590,High Amount,2022-05-14 04:17:15,Open
353,7598,High Amount,2023-11-14 07:00:03,Open
354,7601,Multiple Withdrawals,2024-12-23 02:00:13,Open
355,7607,Suspicious Location,2023-01-13 06:23:05,Open
356,7618,High Amount,2022-03-14 05:59:51,Open
357,7642,High Amount,2025-04-21 23:57:09,Open
358,7652,High Amount,2024-04-18 15:21:29,Open
359,7665,Multiple Withdrawals,2021-04-25 23:49:04,Open
360,7670,Multiple Withdrawals,2025-04-26 01:14:40,Open
361,7694,Suspicious Location,2024-10-24 07:44:35,Open
362,7711,Suspicious Location,2021-12-15 00:48:12,Open
363,7732,High Amount,2021-05-28 00:41:01,Open
364,7738,High Amount,2025-06-15 13:05:57,Open
365,7772,Multiple Withdrawals,2023-01-05 19:57:54,Open
366,7809,Suspicious Location,2025-04-05 06:55:27,Open
367,7832,High Amount,2022-03-28 23:51:58,Open
368,7866,Multiple Withdrawals,2021-04-04 17:06:02,Open
369,7900,Multiple Withdrawals,2025-08-14 03:12:35,Open
370,7996,Suspicious Location,2023-10-08 07:42:19,Open
371,8034,Suspicious Location,2024-08-11 05:47:45,Open
372,8046,Suspicious Location,2025-01-08 05:54:37,Open
373,8094,Suspicious Location,2021-04-20 09:15:17,Open
374,8140,Suspicious Location,2021-12-13 03:42:40,Open
375,8142,Suspicious Location,2024-09-23 13:57:15,Open
376,8169,Multiple Withdrawals,2025-03-17 10:10:03,Open
377,8170,Suspicious Location,2021-11-15 05:10:47,Open
378,8183,High Amount,2024-10-08 09:35:49,Open
379,8199,High Amount,2021-08-13 11:31:40,Open
380,8219,Suspicious Location,2021-07-10 12:34:07,Open
381,8263,Multiple Withdrawals,2021-05-09 02:30:37,Open
382,8331,Multiple Withdrawals,2023-06-05 00:03:11,Open
383,8350,Suspicious Location,2025-04-22 03:07:08,Open
384,8352,High Amount,2022-08-09 12:36:37,Open
385,8358,Multiple Withdrawals,2023-05-30 09:23:45,Open
386,8387,Suspicious Location,2020-12-06 04:29:07,Open
387,8405,Suspicious Location,2023-05-03 04:24:12,Open
388,8425,Multiple Withdrawals,2023-03-18 02:47:07,Open
389,8433,High Amount,2024-01-16 20:23:12,Open
390,8448,Multiple Withdrawals,2025-05-20 00:20:56,Open
391,8459,High Amount,2024-07-04 19:01:25,Open
392,8500,Suspicious Location,2021-12-07 03:13:40,Open
393,8533,Multiple Withdrawals,2021-02-15 16:31:59,Open
394,8577,High Amount,2020-10-14 06:12:46,Open
395,8585,Multiple Withdrawals,2022-03-13 18:05:11,Open
396,8591,Suspicious Location,2022-01-26 10:51:18,Open
397,8681,Suspicious Location,2024-02-29 11:52:55,Open
398,8706,Suspicious Location,2021-12-05 01:45:19,Open
399,8718,High Amount,2021-08-29 05:13:37,Open
400,8726,Suspicious Location,2024-10-12 09:32:36,Open
401,8742,High Amount,2022-04-25 20:00:57,Open
402,8766,High Amount,2021-12-26 18:27:52,Open
403,8780,Suspicious Location,2024-07-31 08:42:18,Open
404,8789,Multiple Withdrawals,2021-04-08 16:46:11,Open
405,8791,Suspicious Location,2022-11-18 08:46:40,Open
406,8818,Multiple Withdrawals,2022-02-22 15:13:04,Open
407,8822,Suspicious Location,2024-09-16 12:55:22,Open
408,8858,High Amount,2022-01-14 00:00:54,Open
409,8874,Suspicious Location,2025-08-20 11:22:52,Open
410,8880,Multiple Withdrawals,2023-06-22 13:11:36,Open
411,8899,Multiple Withdrawals,2025-04-23 20:22:53,Open
412,8919,Suspicious Location,2021-02-14 08:08:32,Open
413,8920,Multiple Withdrawals,2022-09-15 11:50:01,Open
414,8956,Suspicious Location,2023-07-15 08:01:30,Open
415,8963,Multiple Withdrawals,2024-01-11 04:31:11,Open
416,8977,Suspicious Location,2022-05-14 08:48:50,Open
417,8988,Suspicious Location,2023-12-31 22:28:21,Open
418,8996,High Amount,2023-01-18 22:55:07,Open
419,9010,Multiple Withdrawals,2023-07-11 00:20:20,Open
420,9051,Suspicious Location,2023-08-22 09:28:09,Open
421,9116,Multiple Withdrawals,2021-09-18 01:53:46,Open
422,9118,Multiple Withdrawals,2022-04-18 18:45:10,Open
423,9123,Suspicious Location,2022-07-30 18:08:43,Open
424,9137,Multiple Withdrawals,2021-02-18 01:40:02,Open
425,9142,High Amount,2021-01-28 20:45:12,Open
426,9172,Multiple Withdrawals,2021-08-17 09:28:07,Open
427,9198,Suspicious Location,2025-02-26 20:51:49,Open
428,9264,Suspicious Location,2024-03-05 23:47:02,Open
429,9320,Multiple Withdrawals,2025-08-13 17:33:27,Open
430,9332,High Amount,2021-12-01 09:51:45,Open
431,9342,Multiple Withdrawals,2022-11-09 07:04:18,Open
432,9355,Multiple Withdrawals,2022-06-20 23:01:51,Open
433,9377,Multiple Withdrawals,2025-04-30 07:01:37,Open
434,9451,Multiple Withdrawals,2021-07-08 04:09:55,Open
435,9528,Suspicious Location,2024-02-17 13:14:08,Open
436,9548,Suspicious Location,2023-01-13 00:04:38,Open
437,9551,Multiple Withdrawals,2023-10-05 12:27:23,Open
438,9574,Multiple Withdrawals,2024-04-15 20:20:58,Open
439,9601,High Amount,2022-07-05 01:50:54,Open
440,9608,Suspicious Location,2025-04-29 04:29:50,Open
441,9639,Multiple Withdrawals,2025-06-08 22:33:07,Open
442,9686,Suspicious Location,2023-07-24 04:02:34,Open
443,9726,Multiple Withdrawals,2020-09-16 03:56:19,Open
444,9747,Multiple Withdrawals,2024-03-22 23:11:23,Open
445,9795,Multiple Withdrawals,2023-04-03 13:27:52,Open
446,9802,High Amount,2020-12-31 18:05:53,Open
447,9815,High Amount,2022-07-27 17:06:39,Open
448,9897,Multiple Withdrawals,2022-08-16 17:20:04,Open
449,9909,Multiple Withdrawals,2021-09-12 01:46:02,Open
450,9917,High Amount,2024-11-12 02:12:00,Open
451,9955,High Amount,2021-03-10 04:41:35,Open
452,9980,High Amount,2021-02-20 19:30:54,Open
453,9986,High Amount,2020-10-19 00:55:25,Open
454,9990,High Amount,2023-11-01 03:31:04,Open
455,10070,Multiple Withdrawals,2023-10-17 10:24:14,Open
456,10083,Suspicious Location,2023-03-14 04:59:02,Open
457,10157,High Amount,2021-08-12 20:41:17,Open
458,10187,High Amount,2025-08-06 05:48:27,Open
459,10202,Suspicious Location,2022-10-03 14:25:04,Open
460,10234,Suspicious Location,2024-04-11 16:02:26,Open
461,10261,Suspicious Location,2023-11-14 05:26:31,Open
462,10264,Multiple Withdrawals,2025-08-05 06:46:11,Open
463,10267,High Amount,2023-01-23 13:39:21,Open
464,10273,Suspicious Location,2021-12-22 15:35:03,Open
465,10277,High Amount,2021-03-16 08:46:09,Open
466,10281,Suspicious Location,2021-08-12 14:22:44,Open
467,10304,Suspicious Location,2021-12-14 16:02:24,Open
468,10313,High Amount,2021-07-12 17:03:01,Open
469,10343,High Amount,2024-12-26 16:33:33,Open
470,10386,Suspicious Location,2021-04-04 03:41:48,Open
471,10393,Suspicious Location,2022-11-14 20:43:55,Open
472,10398,High Amount,2023-12-26 10:38:56,Open
473,10417,High Amount,2024-08-17 00:46:35,Open
474,10442,Suspicious Location,2024-05-29 03:11:36,Open
475,10458,Suspicious Location,2021-10-28 12:37:34,Open
476,10468,Multiple Withdrawals,2021-04-17 04:35:53,Open
477,10525,Suspicious Location,2024-07-14 23:08:10,Open
478,10559,Suspicious Location,2023-03-24 04:31:52,Open
479,10561,High Amount,2022-09-01 23:03:37,Open
480,10589,High Amount,2025-08-19 14:12:36,Open
481,10595,High Amount,2024-09-03 08:37:06,Open
482,10596,High Amount,2025-02-04 08:20:41,Open
483,10614,Suspicious Location,2024-08-07 18:26:09,Open
484,10628,High Amount,2024-05-11 08:53:05,Open
485,10644,High Amount,2025-06-23 06:32:50,Open
486,10650,Suspicious Location,2020-11-15 19:31:32,Open
487,10659,Multiple Withdrawals,2022-03-26 21:01:21,Open
488,10688,High Amount,2023-09-07 19:06:50,Open
489,10698,High Amount,2023-02-25 20:35:23,Open
490,10737,Suspicious Location,2024-03-15 18:37:26,Open
491,10744,Multiple Withdrawals,2021-07-19 13:39:57,Open
492,10781,High Amount,2022-07-27 14:55:04,Open
493,10820,Suspicious Location,2021-03-18 03:15:14,Open
494,10825,Suspicious Location,2024-01-05 08:22:24,Open
495,10844,High Amount,2025-02-10 21:57:22,Open
496,10867,High Amount,2020-11-18 07:15:53,Open
497,10874,Suspicious Location,2021-02-24 08:53:05,Open
498,10879,Multiple Withdrawals,2024-02-05 11:32:21,Open
499,10911,Multiple Withdrawals,2025-01-31 12:40:05,Open
500,10938,Suspicious Location,2024-08-06 05:48:25,Open
501,10944,Suspicious Location,2023-03-15 14:00:29,Open
502,10972,Suspicious Location,2023-11-15 21:41:50,Open
503,10981,Multiple Withdrawals,2024-08-11 14:48:32,Open
504,10986,Suspicious Location,2025-09-01 18:33:11,Open
505,10991,Multiple Withdrawals,2021-01-11 04:58:29,Open
506,10992,Multiple Withdrawals,2023-11-13 04:48:06,Open
507,10998,Multiple Withdrawals,2024-08-24 22:40:16,Open
508,11032,High Amount,2021-08-06 18:32:23,Open
509,11063,High Amount,2023-08-05 05:01:49,Open
510,11064,Multiple Withdrawals,2023-02-23 10:53:12,Open
511,11071,High Amount,2020-12-27 10:34:32,Open
512,11072,Multiple Withdrawals,2022-03-01 21:43:42,Open
513,11089,High Amount,2021-07-08 22:58:57,Open
514,11103,Multiple Withdrawals,2024-10-02 12:28:38,Open
515,11132,Multiple Withdrawals,2021-02-14 23:00:23,Open
516,11134,Multiple Withdrawals,2023-11-19 09:14:48,Open
517,11161,Multiple Withdrawals,2023-12-12 00:41:49,Open
518,11165,Suspicious Location,2024-07-21 02:50:54,Open
519,11186,Multiple Withdrawals,2023-09-29 13:49:18,Open
520,11214,High Amount,2021-07-23 16:57:24,Open
521,11232,Suspicious Location,2020-09-23 00:42:43,Open
522,11239,Suspicious Location,2023-05-05 22:43:54,Open
523,11245,Suspicious Location,2023-09-13 10:12:08,Open
524,11297,Multiple Withdrawals,2023-01-12 22:39:42,Open
525,11303,Suspicious Location,2023-08-03 02:11:47,Open
526,11308,Suspicious Location,2022-06-08 10:27:48,Open
527,11331,High Amount,2022-03-27 08:41:17,Open
528,11333,High Amount,2022-06-05 15:26:24,Open
529,11334,Suspicious Location,2022-06-10 10:30:23,Open
530,11361,Suspicious Location,2022-10-18 11:44:13,Open
531,11363,Suspicious Location,2021-03-20 19:19:47,Open
532,11367,Multiple Withdrawals,2025-05-03 03:13:17,Open
533,11378,High Amount,2021-05-10 18:43:33,Open
534,11383,High Amount,2021-05-18 01:41:32,Open
535,11414,High Amount,2022-06-11 20:51:31,Open
536,11429,High Amount,2022-11-20 16:00:09,Open
537,11433,Suspicious Location,2021-11-14 15:32:52,Open
538,11450,High Amount,2025-07-30 16:08:26,Open
539,11502,Multiple Withdrawals,2021-06-26 22:37:08,Open
540,11512,Multiple Withdrawals,2024-09-03 21:20:35,Open
541,11520,Multiple Withdrawals,2024-05-12 05:08:41,Open
542,11541,High Amount,2022-12-22 13:52:11,Open
543,11608,Suspicious Location,2021-03-31 00:03:35,Open
544,11613,Suspicious Location,2021-08-16 11:25:42,Open
545,11636,Multiple Withdrawals,2025-06-22 08:35:38,Open
546,11718,High Amount,2021-04-13 05:02:41,Open
547,11731,High Amount,2024-12-28 22:37:49,Open
548,11752,Suspicious Location,2021-12-03 00:49:32,Open
549,11821,Suspicious Location,2022-11-03 12:57:32,Open
550,11826,High Amount,2021-04-22 11:07:58,Open
551,11902,High Amount,2023-06-19 00:29:27,Open
552,11922,Suspicious Location,2021-10-24 16:53:14,Open
553,11926,High Amount,2020-09-20 10:26:59,Open
554,11943,Suspicious Location,2024-07-12 07:07:28,Open
555,11957,High Amount,2020-10-16 00:26:06,Open
556,11971,High Amount,2022-06-04 05:25:33,Open
557,11977,Multiple Withdrawals,2024-04-07 16:54:07,Open
558,11997,Suspicious Location,2022-08-27 16:17:15,Open
559,12016,Multiple Withdrawals,2024-11-01 01:04:00,Open
560,12022,High Amount,2024-11-26 20:30:05,Open
561,12037,Multiple Withdrawals,2023-08-07 15:03:16,Open
562,12038,Suspicious Location,2023-10-08 15:45:54,Open
563,12092,Suspicious Location,2023-12-02 09:08:16,Open
564,12138,Multiple Withdrawals,2022-08-01 00:47:41,Open
565,12143,Multiple Withdrawals,2024-01-24 22:01:23,Open
566,12160,Multiple Withdrawals,2021-05-15 02:28:12,Open
567,12190,Multiple Withdrawals,2022-08-16 09:26:09,Open
568,12221,Suspicious Location,2021-03-01 11:42:39,Open
569,12231,High Amount,2024-02-06 16:37:13,Open
570,12234,Multiple Withdrawals,2024-11-25 14:53:34,Open
571,12288,Suspicious Location,2024-06-27 17:33:15,Open
572,12295,Multiple Withdrawals,2025-05-24 11:06:13,Open
573,12301,Suspicious Location,2025-07-08 04:40:57,Open
574,12315,Multiple Withdrawals,2021-01-23 06:46:56,Open
575,12325,Suspicious Location,2024-12-19 20:22:10,Open
576,12338,Suspicious Location,2022-04-10 20:01:18,Open
577,12370,Multiple Withdrawals,2024-11-05 01:30:24,Open
578,12402,High Amount,2021-06-25 09:58:57,Open
579,12413,Suspicious Location,2024-03-26 09:14:52,Open
580,12461,High Amount,2021-12-09 03:39:20,Open
581,12465,Suspicious Location,2022-12-09 21:30:59,Open
582,12475,Suspicious Location,2025-01-11 14:14:48,Open
583,12497,Suspicious Location,2025-06-05 01:04:03,Open
584,12521,Multiple Withdrawals,2023-10-06 14:26:49,Open
585,12611,High Amount,2021-01-16 22:03:05,Open
586,12619,Multiple Withdrawals,2024-01-18 22:23:35,Open
587,12644,Suspicious Location,2021-12-29 00:04:39,Open
588,12668,Suspicious Location,2023-06-13 05:44:02,Open
589,12728,Suspicious Location,2023-07-28 10:24:22,Open
590,12738,Multiple Withdrawals,2023-02-09 07:56:14,Open
591,12761,Multiple Withdrawals,2021-02-08 12:23:06,Open
592,12779,High Amount,2024-06-23 06:46:10,Open
593,12780,Suspicious Location,2021-04-01 02:29:46,Open
594,12782,High Amount,2024-08-09 09:37:00,Open
595,12784,High Amount,2023-03-18 00:06:21,Open
596,12815,High Amount,2020-09-24 13:02:01,Open
597,12825,Multiple Withdrawals,2023-07-07 04:37:39,Open
598,12846,Suspicious Location,2023-11-04 22:55:30,Open
599,12874,Multiple Withdrawals,2025-07-07 06:31:18,Open
600,12884,Multiple Withdrawals,2022-07-07 02:16:29,Open
601,12886,Suspicious Location,2021-02-25 19:19:17,Open
602,12891,High Amount,2020-10-28 01:28:39,Open
603,12892,Suspicious Location,2024-10-12 07:15:26,Open
604,12926,Multiple Withdrawals,2024-12-29 16:33:59,Open
605,12969,High Amount,2025-07-12 02:31:08,Open
606,13008,Multiple Withdrawals,2021-04-07 19:08:43,Open
607,13021,Multiple Withdrawals,2024-11-20 23:29:27,Open
608,13084,Suspicious Location,2022-06-24 00:42:31,Open
609,13106,High Amount,2024-08-06 16:53:10,Open
610,13165,Multiple Withdrawals,2021-02-24 05:13:13,Open
611,13209,High Amount,2025-08-15 15:27:05,Open
612,13216,Suspicious Location,2025-05-30 18:31:11,Open
613,13253,High Amount,2022-01-26 01:56:01,Open
614,13270,High Amount,2022-01-17 01:18:51,Open
615,13322,Multiple Withdrawals,2023-04-18 21:30:35,Open
616,13331,High Amount,2022-07-20 20:11:15,Open
617,13341,Suspicious Location,2021-03-18 20:54:01,Open
618,13342,Multiple Withdrawals,2022-08-10 08:25:52,Open
619,13361,Multiple Withdrawals,2022-07-13 09:12:14,Open
620,13372,Multiple Withdrawals,2023-05-17 17:48:35,Open
621,13388,Suspicious Location,2024-07-10 14:16:45,Open
622,13390,Suspicious Location,2020-11-01 15:38:46,Open
623,13417,High Amount,2023-04-26 08:12:21,Open
624,13463,Multiple Withdrawals,2020-09-23 03:41:37,Open
625,13511,Suspicious Location,2021-11-02 01:22:42,Open
626,13515,Suspicious Location,2021-12-03 18:15:22,Open
627,13526,Suspicious Location,2023-01-17 04:31:06,Open
628,13528,Suspicious Location,2024-01-30 10:02:21,Open
629,13532,Suspicious Location,2024-05-19 12:34:15,Open
630,13551,High Amount,2021-12-19 23:10:31,Open
631,13558,Multiple Withdrawals,2025-03-02 09:42:50,Open
632,13562,High Amount,2024-01-26 19:30:52,Open
633,13565,High Amount,2025-05-13 23:11:08,Open
634,13571,High Amount,2025-07-13 05:16:08,Open
635,13578,Multiple Withdrawals,2024-02-10 01:14:43,Open
636,13608,Multiple Withdrawals,2023-10-19 19:32:28,Open
637,13624,Suspicious Location,2025-01-25 01:50:40,Open
638,13634,High Amount,2020-09-11 02:45:29,Open
639,13640,Suspicious Location,2022-01-10 18:13:50,Open
640,13686,Suspicious Location,2024-12-10 13:20:00,Open
641,13712,Multiple Withdrawals,2023-01-09 05:16:29,Open
642,13718,Suspicious Location,2022-07-26 21:43:16,Open
643,13781,Suspicious Location,2022-01-02 04:05:24,Open
644,13801,Suspicious Location,2023-12-17 13:46:19,Open
645,13839,Multiple Withdrawals,2021-05-24 13:16:55,Open
646,13862,Multiple Withdrawals,2023-12-26 05:23:08,Open
647,13873,High Amount,2021-02-05 01:14:14,Open
648,13899,High Amount,2021-01-04 10:11:25,Open
649,13910,High Amount,2025-08-02 22:00:32,Open
650,13915,High Amount,2022-09-29 02:52:57,Open
651,13940,High Amount,2023-05-31 03:18:36,Open
652,13970,Suspicious Location,2021-03-16 20:36:48,Open
653,13976,Multiple Withdrawals,2025-04-04 15:49:54,Open
654,13987,High Amount,2023-10-28 04:57:07,Open
655,13997,Suspicious Location,2022-01-24 14:25:33,Open
656,14038,High Amount,2024-10-25 09:13:10,Open
657,14095,Suspicious Location,2020-10-01 08:37:32,Open
658,14099,Suspicious Location,2021-01-13 14:47:53,Open
659,14106,High Amount,2020-11-16 00:21:15,Open
660,14107,Suspicious Location,2025-03-25 18:37:02,Open
661,14119,Multiple Withdrawals,2024-11-20 23:13:08,Open
662,14133,Suspicious Location,2024-06-09 01:27:11,Open
663,14160,High Amount,2022-01-17 20:35:59,Open
664,14202,Multiple Withdrawals,2022-09-13 23:13:06,Open
665,14278,High Amount,2022-01-19 17:02:54,Open
666,14285,High Amount,2022-10-04 09:59:47,Open
667,14287,High Amount,2023-09-11 08:09:18,Open
668,14336,Suspicious Location,2025-01-26 20:39:00,Open
669,14343,Multiple Withdrawals,2021-07-23 15:40:53,Open
670,14355,Multiple Withdrawals,2023-12-30 18:19:46,Open
671,14364,Multiple Withdrawals,2021-06-16 01:07:20,Open
672,14383,Multiple Withdrawals,2022-12-23 17:11:29,Open
673,14385,Suspicious Location,2022-04-14 04:13:34,Open
674,14425,Suspicious Location,2021-01-09 04:41:00,Open
675,14429,Suspicious Location,2024-05-10 01:23:20,Open
676,14449,Multiple Withdrawals,2024-10-06 20:34:21,Open
677,14475,Multiple Withdrawals,2021-02-13 21:00:20,Open
678,14495,Multiple Withdrawals,2022-09-30 22:31:13,Open
679,14541,High Amount,2020-10-16 16:47:15,Open
680,14629,Multiple Withdrawals,2020-11-03 09:21:27,Open
681,14668,Multiple Withdrawals,2022-01-27 15:42:55,Open
682,14669,High Amount,2022-10-04 21:01:38,Open
683,14716,Suspicious Location,2020-10-02 22:50:43,Open
684,14800,Suspicious Location,2023-08-31 07:47:28,Open
685,14812,High Amount,2021-08-21 03:59:02,Open
686,14816,Multiple Withdrawals,2023-09-08 18:29:25,Open
687,14820,Suspicious Location,2024-10-01 18:20:55,Open
688,14824,Suspicious Location,2023-03-21 12:59:36,Open
689,14882,Suspicious Location,2023-07-08 09:51:29,Open
690,14885,Multiple Withdrawals,2021-07-22 23:04:49,Open
691,14919,Suspicious Location,2022-04-26 13:21:21,Open
692,14936,High Amount,2021-12-20 04:07:54,Open
693,14975,Multiple Withdrawals,2025-01-14 01:52:26,Open
694,15028,Suspicious Location,2021-02-14 22:01:00,Open
695,15065,Multiple Withdrawals,2022-12-10 03:05:26,Open
696,15077,High Amount,2021-11-16 23:38:03,Open
697,15091,Multiple Withdrawals,2023-02-21 08:22:17,Open
698,15092,Suspicious Location,2021-01-06 18:03:46,Open
699,15108,Suspicious Location,2021-06-28 16:40:15,Open
700,15129,Suspicious Location,2022-05-11 10:02:48,Open
701,15156,Multiple Withdrawals,2022-12-03 16:50:51,Open
702,15193,Multiple Withdrawals,2023-04-07 17:57:09,Open
703,15209,Multiple Withdrawals,2022-02-13 05:56:21,Open
704,15217,High Amount,2024-07-23 18:00:59,Open
705,15223,Suspicious Location,2024-08-24 08:56:20,Open
706,15224,Suspicious Location,2022-03-03 21:06:23,Open
707,15239,High Amount,2025-08-16 01:46:04,Open
708,15264,High Amount,2022-06-24 12:08:57,Open
709,15268,High Amount,2021-09-26 18:23:37,Open
710,15336,Multiple Withdrawals,2023-02-21 21:24:43,Open
711,15342,Multiple Withdrawals,2022-01-25 15:12:45,Open
712,15350,High Amount,2022-05-31 00:41:18,Open
713,15379,High Amount,2023-03-20 23:31:30,Open
714,15432,Suspicious Location,2021-07-10 01:47:38,Open
715,15452,High Amount,2022-06-23 19:13:23,Open
716,15490,Suspicious Location,2021-01-28 19:35:39,Open
717,15581,Suspicious Location,2024-11-08 09:27:49,Open
718,15596,High Amount,2024-03-03 10:01:42,Open
719,15619,High Amount,2021-11-13 12:04:42,Open
720,15637,Multiple Withdrawals,2022-05-13 04:13:17,Open
721,15638,Multiple Withdrawals,2022-02-04 03:00:12,Open
722,15639,Suspicious Location,2025-07-26 16:46:24,Open
723,15653,Multiple Withdrawals,2022-03-29 14:46:17,Open
724,15679,Multiple Withdrawals,2025-04-01 04:45:15,Open
725,15706,Multiple Withdrawals,2022-05-29 03:56:20,Open
726,15711,High Amount,2020-09-26 01:31:26,Open
727,15738,High Amount,2022-04-09 21:45:13,Open
728,15800,Multiple Withdrawals,2024-03-15 16:30:58,Open
729,15850,Multiple Withdrawals,2023-08-30 03:10:12,Open
730,15873,Suspicious Location,2025-02-13 15:18:49,Open
731,15933,Multiple Withdrawals,2024-03-03 02:42:59,Open
732,16000,Suspicious Location,2025-03-15 06:41:17,Open
733,16031,High Amount,2023-11-26 19:27:51,Open
734,16038,High Amount,2023-01-17 18:44:20,Open
735,16084,Multiple Withdrawals,2025-03-06 07:23:30,Open
736,16087,Suspicious Location,2022-11-18 22:28:32,Open
737,16120,High Amount,2025-05-12 19:52:58,Open
738,16138,Suspicious Location,2021-01-25 10:16:04,Open
739,16199,High Amount,2025-03-27 15:00:47,Open
740,16218,Multiple Withdrawals,2023-04-29 02:14:31,Open
741,16219,Multiple Withdrawals,2021-02-01 14:15:11,Open
742,16225,Multiple Withdrawals,2023-07-13 08:13:35,Open
743,16231,Suspicious Location,2024-12-22 20:21:17,Open
744,16234,Multiple Withdrawals,2023-04-05 18:44:03,Open
745,16237,Suspicious Location,2021-07-07 13:01:49,Open
746,16242,Suspicious Location,2021-11-12 06:02:42,Open
747,16255,High Amount,2024-10-30 22:44:06,Open
748,16266,Multiple Withdrawals,2022-04-15 20:50:42,Open
749,16297,Suspicious Location,2021-02-06 20:00:10,Open
750,16311,Multiple Withdrawals,2022-07-22 05:12:20,Open
751,16325,High Amount,2024-11-21 07:50:56,Open
752,16334,High Amount,2021-03-25 03:52:40,Open
753,16374,Suspicious Location,2021-05-30 22:39:24,Open
754,16378,Suspicious Location,2024-12-31 12:30:57,Open
755,16385,Multiple Withdrawals,2020-11-16 21:37:33,Open
756,16415,Multiple Withdrawals,2024-06-26 03:37:15,Open
757,16436,Suspicious Location,2020-11-13 13:45:05,Open
758,16454,High Amount,2023-02-05 19:27:55,Open
759,16481,High Amount,2022-12-11 05:16:06,Open
760,16505,High Amount,2024-08-28 14:56:38,Open
761,16517,High Amount,2021-08-05 19:30:12,Open
762,16518,High Amount,2024-02-14 12:12:37,Open
763,16523,Multiple Withdrawals,2021-06-29 14:55:48,Open
764,16553,Suspicious Location,2023-07-21 23:24:11,Open
765,16555,High Amount,2025-02-24 02:48:43,Open
766,16559,Multiple Withdrawals,2023-12-13 16:02:17,Open
767,16572,High Amount,2025-06-16 12:16:01,Open
768,16578,High Amount,2021-05-12 12:17:14,Open
769,16580,Suspicious Location,2020-12-11 09:20:33,Open
770,16588,Suspicious Location,2022-03-23 03:58:30,Open
771,16638,Multiple Withdrawals,2021-09-22 17:31:08,Open
772,16639,Multiple Withdrawals,2023-10-10 05:19:39,Open
773,16719,High Amount,2022-04-06 19:07:54,Open
774,16774,High Amount,2024-04-02 04:00:25,Open
775,16782,Multiple Withdrawals,2021-02-07 13:26:59,Open
776,16783,High Amount,2024-10-14 05:22:54,Open
777,16836,Suspicious Location,2021-11-09 10:23:33,Open
778,16859,High Amount,2022-01-09 04:31:11,Open
779,16913,Suspicious Location,2021-12-21 13:02:11,Open
780,16929,High Amount,2023-01-28 14:38:40,Open
781,16956,Suspicious Location,2024-03-18 21:07:36,Open
782,16968,Suspicious Location,2023-06-01 15:53:26,Open
783,17045,Multiple Withdrawals,2025-07-02 10:04:53,Open
784,17055,Multiple Withdrawals,2020-10-18 07:20:43,Open
785,17056,Suspicious Location,2024-04-14 07:02:34,Open
786,17065,Multiple Withdrawals,2024-04-21 20:42:11,Open
787,17079,Suspicious Location,2023-09-24 12:59:32,Open
788,17089,Suspicious Location,2024-07-21 16:46:10,Open
789,17095,Suspicious Location,2024-02-15 15:13:17,Open
790,17102,Suspicious Location,2022-01-01 05:43:09,Open
791,17107,Suspicious Location,2024-03-03 13:46:14,Open
792,17108,High Amount,2025-06-06 07:20:10,Open
793,17111,Multiple Withdrawals,2021-06-27 14:17:22,Open
794,17135,Suspicious Location,2023-11-18 12:10:40,Open
795,17141,Multiple Withdrawals,2021-11-28 18:04:43,Open
796,17148,High Amount,2021-03-13 11:27:20,Open
797,17206,High Amount,2023-11-18 05:56:07,Open
798,17239,High Amount,2021-10-27 13:37:34,Open
799,17251,Suspicious Location,2021-07-04 00:22:42,Open
800,17287,Suspicious Location,2020-11-19 18:17:47,Open
801,17290,Suspicious Location,2024-04-24 09:40:42,Open
802,17291,Multiple Withdrawals,2020-12-25 11:53:16,Open
803,17367,High Amount,2024-04-18 18:16:14,Open
804,17387,Multiple Withdrawals,2024-12-29 02:23:24,Open
805,17435,High Amount,2022-11-27 07:17:30,Open
806,17454,Suspicious Location,2022-05-18 14:49:30,Open
807,17461,Suspicious Location,2023-10-07 02:39:29,Open
808,17501,Suspicious Location,2022-02-25 05:28:56,Open
809,17548,High Amount,2021-10-10 01:05:31,Open
810,17560,Multiple Withdrawals,2021-12-14 07:19:20,Open
811,17571,High Amount,2023-12-30 23:19:26,Open
812,17581,Multiple Withdrawals,2024-10-18 08:22:03,Open
813,17611,Suspicious Location,2024-12-10 21:50:01,Open
814,17612,Multiple Withdrawals,2023-12-16 02:05:14,Open
815,17622,Suspicious Location,2022-09-02 20:06:49,Open
816,17628,Multiple Withdrawals,2023-05-31 23:14:30,Open
817,17666,High Amount,2021-01-16 03:56:20,Open
818,17688,High Amount,2023-08-08 11:01:17,Open
819,17690,Multiple Withdrawals,2025-01-27 02:58:44,Open
820,17706,Multiple Withdrawals,2022-11-27 10:55:44,Open
821,17718,Multiple Withdrawals,2023-09-23 05:10:34,Open
822,17724,Suspicious Location,2023-09-29 04:17:58,Open
823,17726,Multiple Withdrawals,2024-02-02 04:58:18,Open
824,17785,Suspicious Location,2024-02-26 09:35:57,Open
825,17873,High Amount,2025-03-16 17:28:21,Open
826,17875,High Amount,2025-05-17 09:07:53,Open
827,17879,Suspicious Location,2024-08-16 14:27:58,Open
828,17887,Suspicious Location,2025-08-21 23:44:50,Open
829,17891,Suspicious Location,2023-01-20 02:49:56,Open
830,17930,Multiple Withdrawals,2021-02-17 02:06:49,Open
831,17939,High Amount,2022-04-06 00:34:57,Open
832,17955,Multiple Withdrawals,2021-01-03 04:34:58,Open
833,17971,Multiple Withdrawals,2022-07-14 14:18:02,Open
834,17981,Suspicious Location,2024-03-01 21:16:58,Open
835,17990,Suspicious Location,2023-12-26 11:34:32,Open
836,17993,High Amount,2023-09-21 05:02:28,Open
837,18003,Suspicious Location,2022-08-28 19:47:10,Open
838,18022,High Amount,2022-07-31 23:53:22,Open
839,18067,High Amount,2024-08-21 10:16:34,Open
840,18077,Suspicious Location,2021-05-09 19:33:39,Open
841,18102,Suspicious Location,2025-07-20 20:53:16,Open
842,18132,High Amount,2023-01-08 20:37:25,Open
843,18148,Suspicious Location,2022-10-28 03:32:38,Open
844,18170,Multiple Withdrawals,2024-12-09 09:18:48,Open
845,18182,Suspicious Location,2021-10-16 04:23:04,Open
846,18188,Suspicious Location,2020-11-20 08:34:01,Open
847,18216,High Amount,2021-04-18 06:14:48,Open
848,18274,Multiple Withdrawals,2025-02-16 16:10:23,Open
849,18326,Suspicious Location,2023-04-12 05:19:55,Open
850,18348,Multiple Withdrawals,2025-06-09 07:53:10,Open
851,18359,Suspicious Location,2021-10-19 21:42:02,Open
852,18390,Multiple Withdrawals,2021-06-14 03:47:57,Open
853,18454,Suspicious Location,2024-12-08 15:28:01,Open
854,18459,Suspicious Location,2021-06-17 10:57:34,Open
855,18479,Multiple Withdrawals,2023-11-23 02:17:14,Open
856,18498,Multiple Withdrawals,2024-09-10 00:46:44,Open
857,18499,High Amount,2022-12-29 19:06:54,Open
858,18522,Suspicious Location,2020-11-12 01:48:40,Open
859,18531,Multiple Withdrawals,2022-03-28 11:31:15,Open
860,18542,Suspicious Location,2025-05-30 04:33:46,Open
861,18543,High Amount,2023-09-07 06:13:09,Open
862,18562,High Amount,2023-03-19 06:43:28,Open
863,18587,Suspicious Location,2022-08-02 12:16:36,Open
864,18593,Multiple Withdrawals,2021-12-02 17:00:16,Open
865,18605,Suspicious Location,2024-12-02 16:02:45,Open
866,18609,Multiple Withdrawals,2024-08-10 05:56:10,Open
867,18629,High Amount,2025-02-22 11:14:32,Open
868,18636,Suspicious Location,2025-08-15 01:29:44,Open
869,18682,Suspicious Location,2020-12-29 20:34:56,Open
870,18730,Suspicious Location,2023-05-19 14:50:58,Open
871,18738,Suspicious Location,2022-10-02 15:51:44,Open
872,18797,Multiple Withdrawals,2024-08-10 12:28:45,Open
873,18802,Suspicious Location,2021-04-05 05:11:16,Open
874,18868,High Amount,2021-03-31 01:54:51,Open
875,18897,Suspicious Location,2022-04-13 00:06:11,Open
876,18949,Multiple Withdrawals,2025-07-29 20:53:55,Open
877,19048,High Amount,2025-02-12 07:55:10,Open
878,19065,Multiple Withdrawals,2022-12-22 02:30:10,Open
879,19073,Suspicious Location,2025-01-26 20:44:39,Open
880,19082,High Amount,2022-06-18 19:09:00,Open
881,19213,Suspicious Location,2024-06-01 19:26:35,Open
882,19231,Multiple Withdrawals,2025-03-06 07:03:11,Open
883,19241,Multiple Withdrawals,2023-03-08 06:11:53,Open
884,19250,Multiple Withdrawals,2022-08-12 15:27:08,Open
885,19255,High Amount,2023-05-17 19:50:33,Open
886,19283,Multiple Withdrawals,2022-01-20 12:31:00,Open
887,19296,Multiple Withdrawals,2022-09-17 01:45:38,Open
888,19302,High Amount,2021-07-03 01:34:06,Open
889,19308,High Amount,2025-05-26 15:05:06,Open
890,19341,Multiple Withdrawals,2024-02-27 15:27:20,Open
891,19343,Suspicious Location,2025-08-03 17:36:49,Open
892,19352,Multiple Withdrawals,2025-07-15 09:36:41,Open
893,19361,Suspicious Location,2024-05-06 17:36:47,Open
894,19370,Multiple Withdrawals,2020-09-24 23:06:56,Open
895,19399,Multiple Withdrawals,2021-09-29 11:11:38,Open
896,19410,High Amount,2025-06-24 15:39:35,Open
897,19423,High Amount,2022-09-04 20:32:16,Open
898,19445,Multiple Withdrawals,2022-10-31 23:10:56,Open
899,19467,High Amount,2021-12-15 23:40:19,Open
900,19507,Suspicious Location,2023-02-03 17:32:07,Open
901,19509,Suspicious Location,2025-01-28 10:28:23,Open
902,19521,High Amount,2024-09-17 13:34:05,Open
903,19537,Multiple Withdrawals,2020-10-19 04:05:36,Open
904,19550,High Amount,2021-09-23 02:29:48,Open
905,19582,High Amount,2023-03-06 08:08:52,Open
906,19598,Multiple Withdrawals,2023-08-29 16:44:42,Open
907,19621,Multiple Withdrawals,2025-06-28 08:53:06,Open
908,19629,High Amount,2023-12-01 15:43:54,Open
909,19639,Suspicious Location,2023-10-09 01:26:25,Open
910,19685,Suspicious Location,2021-09-17 00:07:58,Open
911,19698,High Amount,2022-02-18 21:36:46,Open
912,19737,Multiple Withdrawals,2024-08-23 10:52:18,Open
913,19748,Suspicious Location,2024-10-03 19:22:16,Open
914,19760,High Amount,2022-08-19 15:07:18,Open
915,19785,Suspicious Location,2021-11-18 05:26:10,Open
916,19796,Multiple Withdrawals,2025-04-12 22:25:51,Open
917,19803,Multiple Withdrawals,2024-10-15 06:33:07,Open
918,19821,Suspicious Location,2020-10-22 04:53:33,Open
919,19873,Suspicious Location,2023-10-19 21:44:48,Open
920,19881,Multiple Withdrawals,2022-02-20 22:34:13,Open
921,19892,High Amount,2025-01-18 07:11:16,Open
922,19905,High Amount,2023-02-01 09:22:21,Open
923,19922,Multiple Withdrawals,2025-05-11 22:27:47,Open
924,19935,Suspicious Location,2021-05-16 23:58:16,Open
925,19941,Suspicious Location,2025-01-07 00:50:35,Open
926,20020,High Amount,2024-12-14 14:52:44,Open
927,20031,Suspicious Location,2023-04-22 04:16:53,Open
928,20034,Multiple Withdrawals,2025-06-27 02:24:48,Open
929,20045,Multiple Withdrawals,2023-01-25 06:34:33,Open
930,20060,Multiple Withdrawals,2021-10-06 01:56:59,Open
931,20135,High Amount,2025-04-29 21:39:11,Open
932,20139,Suspicious Location,2023-09-05 18:00:36,Open
933,20155,Suspicious Location,2021-04-01 14:32:19,Open
934,20160,Suspicious Location,2021-08-14 08:26:27,Open
935,20172,High Amount,2024-07-13 06:59:06,Open
936,20174,Suspicious Location,2022-01-31 15:51:32,Open
937,20189,Multiple Withdrawals,2021-08-10 12:10:58,Open
938,20210,Multiple Withdrawals,2021-05-03 23:22:05,Open
939,20226,Suspicious Location,2023-08-27 02:19:17,Open
940,20228,High Amount,2023-10-31 04:11:37,Open
941,20242,Multiple Withdrawals,2024-08-30 14:55:25,Open
942,20266,High Amount,2020-11-27 09:05:49,Open
943,20287,Suspicious Location,2022-08-17 21:20:29,Open
944,20288,Suspicious Location,2025-04-29 06:02:41,Open
945,20290,Multiple Withdrawals,2022-04-30 09:58:46,Open
946,20298,Multiple Withdrawals,2022-03-20 19:32:08,Open
947,20305,Suspicious Location,2023-04-01 13:20:56,Open
948,20417,Suspicious Location,2025-01-21 03:45:16,Open
949,20448,High Amount,2024-06-14 21:13:21,Open
950,20478,Multiple Withdrawals,2021-12-31 02:52:45,Open
951,20496,Multiple Withdrawals,2023-08-03 03:25:00,Open
952,20501,Multiple Withdrawals,2022-12-02 12:33:32,Open
953,20532,High Amount,2021-12-21 13:38:47,Open
954,20555,High Amount,2023-12-03 09:32:25,Open
955,20558,Multiple Withdrawals,2020-11-08 10:53:01,Open
956,20571,High Amount,2020-12-26 18:29:50,Open
957,20582,Suspicious Location,2022-12-10 12:42:20,Open
958,20589,Suspicious Location,2023-03-10 11:24:06,Open
959,20604,Suspicious Location,2024-12-29 01:11:40,Open
960,20623,Suspicious Location,2022-08-15 10:19:24,Open
961,20670,High Amount,2023-05-10 15:51:03,Open
962,20679,High Amount,2023-05-27 17:55:08,Open
963,20693,Suspicious Location,2023-02-05 19:56:32,Open
964,20738,High Amount,2023-04-07 06:22:41,Open
965,20749,Multiple Withdrawals,2021-05-29 16:10:20,Open
966,20752,Multiple Withdrawals,2021-12-21 15:06:41,Open
967,20819,Multiple Withdrawals,2020-12-23 18:47:29,Open
968,20862,Suspicious Location,2024-06-21 14:35:19,Open
969,20865,Multiple Withdrawals,2025-06-02 05:24:51,Open
970,20879,Suspicious Location,2025-02-20 20:56:47,Open
971,20895,High Amount,2023-12-14 20:05:15,Open
972,20914,Multiple Withdrawals,2021-06-25 08:16:09,Open
973,20970,Multiple Withdrawals,2025-07-31 01:18:54,Open
974,20997,Suspicious Location,2020-11-05 12:58:51,Open
975,21012,Multiple Withdrawals,2022-06-26 13:05:31,Open
976,21013,Suspicious Location,2025-02-05 07:36:58,Open
977,21034,Multiple Withdrawals,2023-01-10 23:54:15,Open
978,21047,Suspicious Location,2024-09-08 13:50:59,Open
979,21062,High Amount,2020-09-13 09:27:29,Open
980,21075,Suspicious Location,2021-02-10 22:12:45,Open
981,21090,Multiple Withdrawals,2024-11-20 07:16:03,Open
982,21115,High Amount,2024-11-06 07:24:55,Open
983,21121,Suspicious Location,2022-04-15 21:14:59,Open
984,21134,Multiple Withdrawals,2023-03-21 09:18:37,Open
985,21148,High Amount,2025-05-10 00:06:49,Open
986,21200,Suspicious Location,2024-09-07 19:14:01,Open
987,21203,Suspicious Location,2023-09-03 11:19:52,Open
988,21209,Suspicious Location,2023-03-09 21:11:26,Open
989,21215,High Amount,2022-07-16 03:46:41,Open
990,21243,Suspicious Location,2023-09-09 19:06:14,Open
991,21252,Suspicious Location,2024-08-25 07:15:55,Open
992,21263,Suspicious Location,2021-11-21 07:39:03,Open
993,21265,Multiple Withdrawals,2020-10-08 22:54:55,Open
994,21284,Multiple Withdrawals,2022-03-19 04:32:20,Open
995,21296,Multiple Withdrawals,2025-07-20 18:03:51,Open
996,21330,High Amount,2021-08-19 19:33:19,Open
997,21348,High Amount,2024-07-30 20:48:09,Open
998,21352,High Amount,2024-03-22 22:52:16,Open
999,21370,Suspicious Location,2024-03-31 12:58:06,Open
1000,21376,Multiple Withdrawals,2025-08-27 21:11:49,Open
1001,21389,High Amount,2024-12-08 21:31:24,Open
1002,21469,Multiple Withdrawals,2020-10-14 19:38:38,Open
1003,21480,Multiple Withdrawals,2022-11-03 20:19:08,Open
1004,21498,Suspicious Location,2021-06-12 16:34:23,Open
1005,21510,Suspicious Location,2021-12-20 08:27:06,Open
1006,21548,Multiple Withdrawals,2022-04-07 12:38:30,Open
1007,21581,Suspicious Location,2021-04-15 05:36:02,Open
1008,21611,Suspicious Location,2023-10-05 11:06:40,Open
1009,21641,Multiple Withdrawals,2020-11-30 03:15:03,Open
1010,21648,Suspicious Location,2024-12-03 06:12:38,Open
1011,21658,Multiple Withdrawals,2021-02-22 14:36:58,Open
1012,21688,High Amount,2022-04-08 00:11:23,Open
1013,21690,Suspicious Location,2022-04-14 20:58:03,Open
1014,21696,Suspicious Location,2025-02-21 05:07:24,Open
1015,21698,Multiple Withdrawals,2025-05-29 00:45:36,Open
1016,21703,Suspicious Location,2021-09-21 10:40:51,Open
1017,21714,Suspicious Location,2025-05-07 01:56:53,Open
1018,21728,High Amount,2021-06-13 21:18:10,Open
1019,21729,Multiple Withdrawals,2021-01-10 07:07:00,Open
1020,21731,Suspicious Location,2021-10-06 03:26:23,Open
1021,21767,Multiple Withdrawals,2021-11-09 21:19:40,Open
1022,21768,Suspicious Location,2023-12-11 08:51:50,Open
1023,21797,Multiple Withdrawals,2024-12-28 02:54:08,Open
1024,21810,Multiple Withdrawals,2021-02-06 17:30:35,Open
1025,21812,Multiple Withdrawals,2023-06-04 09:42:40,Open
1026,21813,Multiple Withdrawals,2025-08-13 21:04:29,Open
1027,21819,Multiple Withdrawals,2020-10-20 09:19:51,Open
1028,21823,Suspicious Location,2021-05-15 12:18:29,Open
1029,21863,Suspicious Location,2022-04-18 05:24:46,Open
1030,21873,Multiple Withdrawals,2021-04-01 08:42:42,Open
1031,21874,Suspicious Location,2022-10-29 07:02:28,Open
1032,21879,Suspicious Location,2023-04-30 22:01:53,Open
1033,21885,Suspicious Location,2021-09-25 08:10:25,Open
1034,21887,Multiple Withdrawals,2024-06-23 20:26:21,Open
1035,21956,High Amount,2021-09-04 09:03:01,Open
1036,21974,Suspicious Location,2024-11-01 10:36:48,Open
1037,22037,High Amount,2022-10-29 21:08:45,Open
1038,22046,High Amount,2023-09-10 08:34:30,Open
1039,22054,High Amount,2023-11-07 14:12:30,Open
1040,22078,High Amount,2023-01-16 05:10:11,Open
1041,22157,High Amount,2021-03-18 08:37:09,Open
1042,22167,Multiple Withdrawals,2023-12-16 16:42:45,Open
1043,22176,Suspicious Location,2020-10-08 12:14:40,Open
1044,22188,Suspicious Location,2021-10-12 22:38:53,Open
1045,22208,High Amount,2021-03-08 05:19:40,Open
1046,22209,Multiple Withdrawals,2021-01-04 16:04:27,Open
1047,22220,Suspicious Location,2022-12-19 09:12:16,Open
1048,22236,High Amount,2023-08-17 01:49:44,Open
1049,22271,High Amount,2021-08-28 14:17:09,Open
1050,22301,High Amount,2023-07-18 08:22:11,Open
1051,22327,High Amount,2025-01-05 11:50:11,Open
1052,22328,Suspicious Location,2021-06-05 07:15:32,Open
1053,22335,Multiple Withdrawals,2024-08-10 13:21:41,Open
1054,22402,High Amount,2024-01-22 17:09:58,Open
1055,22411,High Amount,2021-12-27 10:57:37,Open
1056,22417,High Amount,2023-04-06 04:05:34,Open
1057,22459,High Amount,2021-08-21 16:51:48,Open
1058,22471,Multiple Withdrawals,2022-10-14 10:57:37,Open
1059,22473,Suspicious Location,2021-03-04 00:40:21,Open
1060,22479,High Amount,2021-06-29 07:37:13,Open
1061,22481,Suspicious Location,2023-09-29 08:21:19,Open
1062,22493,Suspicious Location,2025-06-22 04:35:15,Open
1063,22522,Suspicious Location,2021-06-11 22:06:39,Open
1064,22557,Suspicious Location,2024-10-17 06:53:01,Open
1065,22568,Suspicious Location,2020-12-18 16:40:21,Open
1066,22570,Suspicious Location,2024-02-01 00:14:23,Open
1067,22586,Multiple Withdrawals,2021-12-13 20:42:56,Open
1068,22587,High Amount,2020-11-14 12:25:40,Open
1069,22596,Multiple Withdrawals,2021-05-13 23:12:06,Open
1070,22598,Suspicious Location,2025-04-08 12:13:48,Open
1071,22618,Suspicious Location,2024-03-10 01:02:07,Open
1072,22622,Suspicious Location,2025-06-04 06:30:58,Open
1073,22625,High Amount,2021-06-13 09:50:50,Open
1074,22642,Suspicious Location,2021-06-24 01:19:00,Open
1075,22671,Suspicious Location,2021-06-15 10:51:21,Open
1076,22677,Multiple Withdrawals,2023-04-28 15:21:32,Open
1077,22688,Suspicious Location,2024-01-26 02:38:10,Open
1078,22689,High Amount,2021-09-16 21:40:13,Open
1079,22757,Multiple Withdrawals,2021-07-30 10:03:52,Open
1080,22761,Suspicious Location,2023-07-24 23:10:52,Open
1081,22765,Suspicious Location,2022-05-25 16:45:24,Open
1082,22825,Suspicious Location,2023-12-27 15:03:52,Open
1083,22828,High Amount,2021-05-05 00:52:08,Open
1084,22837,Multiple Withdrawals,2021-05-21 21:14:47,Open
1085,22847,Multiple Withdrawals,2021-09-21 00:13:29,Open
1086,22915,Suspicious Location,2021-02-09 02:31:25,Open
1087,22931,Multiple Withdrawals,2025-05-04 06:05:26,Open
1088,22935,High Amount,2021-10-13 01:54:12,Open
1089,22980,Multiple Withdrawals,2025-08-02 04:01:35,Open
1090,23052,Suspicious Location,2025-02-08 10:55:35,Open
1091,23070,Suspicious Location,2024-09-26 21:46:52,Open
1092,23097,High Amount,2025-02-26 03:01:29,Open
1093,23145,High Amount,2021-08-31 03:31:22,Open
1094,23156,Multiple Withdrawals,2022-05-27 00:58:25,Open
1095,23160,Multiple Withdrawals,2023-05-13 07:50:53,Open
1096,23174,High Amount,2024-01-24 13:49:01,Open
1097,23189,High Amount,2022-12-31 23:10:33,Open
1098,23197,Suspicious Location,2023-07-08 12:00:41,Open
1099,23202,High Amount,2024-01-22 19:44:03,Open
1100,23204,High Amount,2024-10-12 14:07:59,Open
1101,23215,Multiple Withdrawals,2024-07-21 03:39:40,Open
1102,23227,Suspicious Location,2021-06-26 11:12:47,Open
1103,23231,High Amount,2020-09-30 13:46:47,Open
1104,23233,High Amount,2023-06-05 02:59:37,Open
1105,23262,Multiple Withdrawals,2022-03-28 10:07:16,Open
1106,23277,Suspicious Location,2021-07-15 14:33:13,Open
1107,23278,High Amount,2022-01-12 15:06:47,Open
1108,23292,Multiple Withdrawals,2021-02-18 11:08:22,Open
1109,23293,High Amount,2020-09-11 12:27:53,Open
1110,23310,Suspicious Location,2021-03-04 06:50:19,Open
1111,23325,Multiple Withdrawals,2022-11-22 23:43:50,Open
1112,23362,Suspicious Location,2022-11-21 13:05:17,Open
1113,23395,High Amount,2023-12-14 17:32:30,Open
1114,23400,Suspicious Location,2024-12-20 16:48:13,Open
1115,23466,Multiple Withdrawals,2024-05-05 10:17:33,Open
1116,23467,High Amount,2022-10-02 18:37:30,Open
1117,23494,Suspicious Location,2022-03-22 17:47:10,Open
1118,23504,High Amount,2022-05-06 08:20:32,Open
1119,23515,Suspicious Location,2021-05-17 17:00:23,Open
1120,23526,Suspicious Location,2022-07-01 04:37:29,Open
1121,23568,High Amount,2023-11-16 08:37:36,Open
1122,23577,High Amount,2023-11-30 00:53:16,Open
1123,23589,High Amount,2024-07-30 08:33:32,Open
1124,23605,High Amount,2024-12-10 15:33:48,Open
1125,23612,Multiple Withdrawals,2021-08-04 16:11:22,Open
1126,23673,Multiple Withdrawals,2022-08-05 22:12:24,Open
1127,23710,Suspicious Location,2022-04-20 17:37:56,Open
1128,23717,High Amount,2023-08-02 21:25:39,Open
1129,23768,Multiple Withdrawals,2022-08-19 05:44:15,Open
1130,23774,Multiple Withdrawals,2023-05-26 00:22:52,Open
1131,23775,Multiple Withdrawals,2025-05-04 03:41:53,Open
1132,23825,Multiple Withdrawals,2023-02-17 23:34:57,Open
1133,23866,Multiple Withdrawals,2022-10-11 20:43:37,Open
1134,23881,Multiple Withdrawals,2021-05-05 17:23:52,Open
1135,23890,High Amount,2025-02-14 09:37:41,Open
1136,23918,High Amount,2022-09-15 15:25:16,Open
1137,23936,Suspicious Location,2021-04-25 13:00:49,Open
1138,23948,Suspicious Location,2022-09-01 05:22:46,Open
1139,23954,Suspicious Location,2021-09-12 13:54:05,Open
1140,23978,Suspicious Location,2020-12-03 05:30:33,Open
1141,24035,Suspicious Location,2023-03-10 18:43:20,Open
1142,24042,High Amount,2022-07-13 16:20:49,Open
1143,24047,Suspicious Location,2022-04-10 10:22:43,Open
1144,24065,High Amount,2022-08-15 23:12:20,Open
1145,24091,High Amount,2022-07-19 21:26:41,Open
1146,24092,Multiple Withdrawals,2025-05-27 08:28:53,Open
1147,24103,Multiple Withdrawals,2025-02-18 03:51:30,Open
1148,24106,Suspicious Location,2022-06-24 05:53:51,Open
1149,24107,High Amount,2025-01-30 07:22:54,Open
1150,24113,Multiple Withdrawals,2020-09-02 08:45:54,Open
1151,24213,Suspicious Location,2022-07-27 19:22:17,Open
1152,24220,High Amount,2023-10-03 00:16:01,Open
1153,24230,Suspicious Location,2023-11-18 21:12:36,Open
1154,24235,Suspicious Location,2022-12-07 03:29:17,Open
1155,24271,Suspicious Location,2025-04-16 23:56:41,Open
1156,24323,Suspicious Location,2024-10-25 09:01:11,Open
1157,24333,Multiple Withdrawals,2020-09-15 05:54:30,Open
1158,24335,High Amount,2021-02-15 15:52:55,Open
1159,24374,Multiple Withdrawals,2025-08-29 11:09:38,Open
1160,24423,High Amount,2025-03-18 07:36:38,Open
1161,24428,Multiple Withdrawals,2022-11-24 00:40:27,Open
1162,24483,High Amount,2021-04-23 09:15:37,Open
1163,24513,Suspicious Location,2022-03-20 20:21:26,Open
1164,24546,Multiple Withdrawals,2025-02-10 12:04:19,Open
1165,24562,Suspicious Location,2022-06-04 14:56:12,Open
1166,24567,Suspicious Location,2022-06-13 14:09:48,Open
1167,24593,High Amount,2022-06-25 05:14:44,Open
1168,24600,Suspicious Location,2023-06-13 01:17:49,Open
1169,24606,Multiple Withdrawals,2020-09-09 09:29:05,Open
1170,24661,Suspicious Location,2023-04-12 10:54:50,Open
1171,24713,High Amount,2021-03-21 05:41:22,Open
1172,24755,High Amount,2022-12-18 13:22:14,Open
1173,24784,High Amount,2023-06-22 20:28:04,Open
1174,24806,Suspicious Location,2025-08-21 11:02:13,Open
1175,24814,High Amount,2024-01-09 21:29:12,Open
1176,24858,High Amount,2024-07-14 15:42:06,Open
1177,24870,High Amount,2025-08-18 18:21:23,Open
1178,24878,Suspicious Location,2024-09-03 14:48:59,Open
1179,24881,High Amount,2024-04-07 10:01:01,Open
1180,24892,Suspicious Location,2025-07-07 23:32:35,Open
1181,24907,Multiple Withdrawals,2021-04-08 10:42:03,Open
1182,24923,Suspicious Location,2022-06-03 00:13:24,Open
1183,24927,High Amount,2022-07-27 19:17:34,Open
1184,24952,High Amount,2022-06-29 18:50:32,Open
1185,24953,Multiple Withdrawals,2021-12-20 13:48:18,Open
1186,24974,High Amount,2022-11-15 01:13:22,Open
1187,24975,Suspicious Location,2021-03-29 00:31:08,Open
1188,24981,High Amount,2022-11-23 12:23:51,Open
